1,\u5355\u5143\u4e00 \u6709\u4f60\u505a\u4f34
2,\u9605\u8bfb\u677f\u5757
3,\u7ed3\u5408\u6587\u7ae0\u7ebf\u7d22\u548c\u4eba\u7269\u5f62\u8c61\uff0c\u7406\u89e3\u6587\u7ae0\u7684\u4e3b\u9898
4,\u542c\u8bf4\u677f\u5757
5,\u6309\u7167\u5148\u540e\u987a\u5e8f\u6709\u4fa7\u91cd\u5730\u8f6c\u8ff0\u4e00\u4ef6\u4e8b
6,\u5199\u4f5c\u677f\u5757
7,\u8fd0\u7528\u5012\u53d9\u6cd5
8,\u8fdb\u9636
9,\u8fd0\u7528\u591a\u79cd\u65b9\u6cd5\u5851\u9020\u5178\u578b\u7684\u4eba\u7269\u6027\u683c
10,\u8bcd\u8bed
11,\u638c\u63e1\u4e2d\u4e09\u5355\u5143\u4e00\u7684\u8bcd\u8bed
12,\u5355\u5143\u4e8c \u5065\u5eb7\u751f\u6d3b
13,\u9605\u8bfb\u677f\u5757
14,\u7406\u89e3\u8bf4\u660e\u7684\u65f6\u95f4\u987a\u5e8f
15,\u542c\u8bf4\u677f\u5757
16,\u6709\u6761\u7406\u5730\u8bf4\u51fa\u505a\u4e8b\u60c5\u7684\u7a0b\u5e8f
17,\u5199\u4f5c\u677f\u5757
18,\u6709\u6761\u7406\u5730\u5199\u51fa\u505a\u4e8b\u60c5\u7684\u7a0b\u5e8f
19,\u8fdb\u9636
20,\u7406\u89e3\u8bf4\u660e\u7684\u903b\u8f91\u987a\u5e8f
21,\u8bcd\u8bed
22,\u638c\u63e1\u4e2d\u4e09\u5355\u5143\u4e8c\u7684\u8bcd\u8bed
23,\u5355\u5143\u4e09 \u8d70\u8fdb\u793e\u533a
24,\u9605\u8bfb\u677f\u5757
25,\u7406\u89e3\u4e3e\u4f8b\u8bba\u8bc1\u6cd5\u548c\u5f15\u7528\u8bba\u8bc1\u6cd5
26,\u542c\u8bf4\u677f\u5757
27,\u542c\u51fa\u8bf4\u8bdd\u8005\u8fd0\u7528\u4e3e\u4f8b\u8bba\u8bc1\u548c\u5f15\u7528\u8bba\u8bc1\u6240\u8bc1\u660e\u7684\u8bba\u70b9
28,\u5229\u7528\u4e3e\u4f8b\u8bba\u8bc1\u548c\u5f15\u7528\u8bba\u8bc1\u652f\u6301\u81ea\u5df1\u7684\u8bba\u70b9
29,\u5199\u4f5c\u677f\u5757
30,\u8fd0\u7528\u4e3e\u4f8b\u8bba\u8bc1\u6cd5\u548c\u5f15\u7528\u8bba\u8bc1\u6cd5
31,\u8fdb\u9636
32,\u6839\u636e\u8981\u6c42\u8fdb\u884c\u7f29\u5199
33,\u4f5c\u4e1a
34,\u542c\u51fa\u8bf4\u8bdd\u8005\u8fd0\u7528\u4e3e\u4f8b\u8bba\u8bc1\u548c\u5f15\u7528\u8bba\u8bc1\u6240\u8bc1\u660e\u7684\u8bba\u70b9
35,\u8bcd\u8bed
36,\u638c\u63e1\u4e2d\u4e09\u5355\u5143\u4e09\u7684\u8bcd\u8bed
37,\u5355\u5143\u56db \u6c9f\u901a\u4f60\u6211\u4ed6
38,\u9605\u8bfb\u677f\u5757
39,\u7406\u89e3\u4f5c\u8005\u5bf9\u8bba\u70b9\u7684\u591a\u65b9\u9762\u8bba\u8bc1
40,\u542c\u8bf4\u677f\u5757
41,\u4ece\u591a\u65b9\u9762\u652f\u6301\u81ea\u5df1\u7684\u8bba\u70b9
42,\u5199\u4f5c\u677f\u5757
43,\u4ece\u591a\u65b9\u9762\u8bba\u8bc1\u81ea\u5df1\u7684\u8bba\u70b9
44,\u8fdb\u9636
45,\u52a0\u5165\u627f\u4e0a\u542f\u4e0b\u7684\u8fc7\u6e21\u53e5
46,\u8bcd\u8bed
47,\u638c\u63e1\u4e2d\u4e09\u5355\u5143\u56db\u7684\u8bcd\u8bed
48,\u5355\u5143\u4e94 \u5b66\u65e0\u6b62\u5883
49,\u9605\u8bfb\u677f\u5757
50,\u7406\u89e3\u5bf9\u6bd4\u8bba\u8bc1\u6cd5
51,\u542c\u8bf4\u677f\u5757
52,\u8fd0\u7528\u5bf9\u6bd4\u8bba\u8bc1\u652f\u6301\u81ea\u5df1\u7684\u8bba\u70b9
53,\u5199\u4f5c\u677f\u5757
54,\u8fd0\u7528\u5bf9\u6bd4\u8bba\u8bc1\u6cd5
55,\u8fdb\u9636
56,\u9488\u5bf9\u8bdd\u9898\uff0c\u501f\u4e8b\u8bf4\u7406
57,\u8bcd\u8bed
58,\u638c\u63e1\u4e2d\u4e09\u5355\u5143\u4e94\u7684\u8bcd\u8bed
59,\u5355\u5143\u516d \u53d1\u73b0\u771f\u5584\u7f8e
60,\u9605\u8bfb\u677f\u5757
61,\u6b23\u8d4f\u5fae\u578b\u5c0f\u8bf4\u7684\u60c5\u8282
62,\u542c\u8bf4\u677f\u5757
63,\u542c\u51fa\u6545\u4e8b\u7684\u4e3b\u8981\u5185\u5bb9
64,\u5177\u4f53\u751f\u52a8\u5730\u8bb2\u8ff0\u6545\u4e8b
65,\u5199\u4f5c\u677f\u5757
66,\u8fdb\u884c\u7b80\u5355\u7684\u6587\u5b66\u521b\u4f5c
67,\u8fdb\u9636
68,\u5199\u5939\u53d9\u5939\u8bae\u7684\u6587\u7ae0
69,\u8bcd\u8bed
70,\u638c\u63e1\u4e2d\u4e09\u5355\u5143\u516d\u7684\u8bcd\u8bed
71,\u4f5c\u4e1a
72,\u542c\u51fa\u6545\u4e8b\u7684\u4e3b\u8981\u5185\u5bb9
73,\u65b0\u95fb\u65f6\u4e8b
74,\u7406\u89e3\u65b0\u95fb\u65f6\u4e8b\u8bed\u6599
75,\u5c31\u65b0\u95fb\u8bdd\u9898\u4e0e\u4eba\u4ea4\u6d41
76,\u5e7f\u6cdb\u9605\u8bfb
77,\u80fd\u611f\u53d7\u9605\u8bfb\u7684\u4e50\u8da3\uff0c\u5e76\u613f\u610f\u4e0e\u4eba\u5206\u4eab
78,\u80fd\u4e3b\u52a8\u3001\u4e13\u6ce8\u3001\u6709\u8ba1\u5212\u5730\u9605\u8bfb
79,\u517b\u6210\u8fb9\u8bfb\u8fb9\u601d\u8003\u7684\u4e60\u60ef
